[
  {
    "post_title": "Centre \u00c9pilation Laser  Clamart",
    "post_name": "Centre \u00c9pilation Laser  Clamart",
    "googlemap_link": "",
    "doclib_link": "",
    "name": "Centre \u00c9pilation Laser  Clamart",
    "phone": "00 00 00 00 00",
    "email": "clamart@maelis-centrelaser.com",
    "address": "Avenue du Panorama, 92340, Bourg-la-Reine",
    "zipcode": "",
    "transport": "",
    "opening_hours": "",
    "description": ""
  },
  {
    "post_title": "Montrouge",
    "post_name": "Montrouge",
    "googlemap_link": "",
    "doclib_link": "",
    "name": "Montrouge",
    "phone": "00 00 00 00 00",
    "email": "montrouge@maelis-centrelaser.com",
    "address": "57 Avenue du Panorama, 92340, Bourg-la-Reine",
    "zipcode": "",
    "transport": "",
    "opening_hours": "",
    "description": ""
  },
  {
    "post_title": "Saint-Maur-des-Foss\u00e9s",
    "post_name": "Saint-Maur-des-Foss\u00e9s",
    "googlemap_link": "",
    "doclib_link": "",
    "name": "Saint-Maur-des-Foss\u00e9s",
    "phone": "00 00 00 00 00",
    "email": "saint-maur-des-fosses@maelis-centrelaser.com",
    "address": "",
    "zipcode": "",
    "transport": "",
    "opening_hours": "",
    "description": ""
  },
  {
    "post_title": "HydraFacial Maisons-Alfort",
    "post_name": "hydrafacial-maisons-alfort",
    "googlemap_link": "https:\/\/goo.gl\/maps\/zRR3Tzc5KHCV1xg99",
    "doclib_link": "https:\/\/www.doctolib.fr\/centre-laser-et-esthetique\/maisons-alfort\/centre-laser-maelis-maisons-alfort",
    "name": "HydraFacial Maisons-Alfort",
    "phone": "00 00 00 00 00",
    "email": "m.alfort@maelis-centrelaser.local",
    "address": "TET o124 Rue Jean Jaur\u00e8s, 94700 Maisons-Alfort TETO",
    "zipcode": "94700",
    "transport": "RER - Gare de Maisons Alfort Alfortville (ligne D)\r\nBus - Mairie De Maisons-Alfort (ligne 172)\r\nBus - Mairie (lignes 172, 217 et 181)",
    "opening_hours": "Du Mardi au Vendredi : 10:00 - 20:00\r\nSamedi : 10h00 - 18h00\r\nFerm\u00e9 les dimanches et lundi",
    "description": ""
  },
  {
    "post_title": "Coolsculping Chelles",
    "post_name": "Coolsculping Chelles",
    "googlemap_link": "https:\/\/goo.gl\/maps\/zRR3Tzc5KHCV1xg99",
    "doclib_link": "https:\/\/www.doctolib.fr\/centre-laser-et-esthetique\/maisons-alfort\/centre-laser-maelis-maisons-alfort",
    "name": "Coolsculping Chelles",
    "phone": "00 00 00 00 00",
    "email": "m.alfort@maelis-centrelaser.local",
    "address": "Rue Jean Jaur\u00e8s, 94700 Maisons-Alfort",
    "zipcode": "94700",
    "transport": "RER - Gare de Maisons Alfort Alfortville (ligne D)\r\nBus - Mairie De Maisons-Alfort (ligne 172)\r\nBus - Mairie (lignes 172, 217 et 181)",
    "opening_hours": "Du Mardi au Vendredi : 10:00 - 20:00\r\nSamedi : 10h00 - 18h00\r\nFerm\u00e9 les dimanches et lundi",
    "description": ""
  },
  {
    "post_title": "Asni\u00e8res-sur-Seine",
    "post_name": "Asni\u00e8res-sur-Seine",
    "googlemap_link": "https:\/\/goo.gl\/maps\/zRR3Tzc5KHCV1xg99",
    "doclib_link": "https:\/\/www.doctolib.fr\/centre-laser-et-esthetique\/maisons-alfort\/centre-laser-maelis-maisons-alfort",
    "name": "Asni\u00e8res-sur-Seine",
    "phone": "11 11 21 11 11",
    "email": "m.alfort@maelis-centrelaser.local",
    "address": "o124 Rue Jean Jaur\u00e8s, 94700 Maisons-Alfort",
    "zipcode": "94700",
    "transport": "RER - Gare de Maisons Alfort Alfortville (ligne D)\r\nBus - Mairie De Maisons-Alfort (ligne 172)\r\nBus - Mairie (lignes 172, 217 et 181)",
    "opening_hours": "Du Mardi au Vendredi : 10:00 - 20:00\r\nSamedi : 10h00 - 18h00\r\nFerm\u00e9 les dimanches et lundi",
    "description": ""
  },
  {
    "post_title": "Aulnay-sous-Bois",
    "post_name": "aulnay-sous-bois",
    "googlemap_link": "https:\/\/goo.gl\/maps\/cnhvRhGhadAKJMso6",
    "doclib_link": "https:\/\/www.doctolib.fr\/centre-laser-et-esthetique\/aulnay-sous-bois\/centre-laser-maelis-aulnay-sous-bois",
    "name": "Aulnay-sous-Bois",
    "phone": "01 43 30 34 48 ",
    "email": "aulnay@maelis-centrelaser.com",
    "address": "101, avenue Anatole France, 93600, Aulnay-sous-Bois ",
    "zipcode": "",
    "transport": "RER - Gare d'Aulnay-sous-Bois (lignes B et K)\r\nBus - Marceau (ligne 617)\r\nBus - Vieux Pays (ligne 615) ",
    "opening_hours": "Du Lundi au Vendredi : 10:00 - 20:00\r\nSamedi : 10h00 - 18h00\r\nFerm\u00e9 les dimanches ",
    "description": ""
  },
  {
    "post_title": "Bourg-la-Reine",
    "post_name": "bourg-la-reine",
    "googlemap_link": "https:\/\/goo.gl\/maps\/Bgg5JEfbxoKJVG437",
    "doclib_link": "https:\/\/www.doctolib.fr\/centre-laser-et-esthetique\/bourg-la-reine\/centre-laser-maelis-bourg-la-reine",
    "name": "Bourg-la-Reine",
    "phone": "01 80 88 27 45",
    "email": "blr@maelis-centrelaser.com",
    "address": "57 Avenue du Panorama, 92340, Bourg-la-Reine",
    "zipcode": "92340",
    "transport": "RER - Bourg-la-Reine (ligne B)\r\nRER - Bagneux (ligne B)\r\nBus - Place De La Resistance - Charles De Gaulle (lignes 197 et 297",
    "opening_hours": "Du Lundi au Vendredi : 10:00 - 20:00\r\nSamedi : 10h00 - 18h00\r\nFerm\u00e9 les dimanches ",
    "description": ""
  },
  {
    "post_title": "Le Raincy",
    "post_name": "le-raincy",
    "googlemap_link": "https:\/\/goo.gl\/maps\/LkJskwcHXYuRFkoNA",
    "doclib_link": "https:\/\/www.doctolib.fr\/centre-laser-et-esthetique\/le-raincy\/centre-laser-maelis-le-raincy",
    "name": "Le Raincy",
    "phone": "01 80 90 92 57",
    "email": "raincy@maelis-centrelaser.com",
    "address": "",
    "zipcode": "",
    "transport": "Tramway - Allee De La Tour Rendez Vous (T4) (ligne 4)\r\nRER - Gare du Raincy (ligne E)\r\nRER - Le Raincy Villemonble Montfermeil (ligne E) ",
    "opening_hours": "Du Mardi au Vendredi : 10:00 - 20:00\r\nSamedi : 10h00 - 18h00\r\nFerm\u00e9 les dimanches et lundi ",
    "description": ""
  },
  {
    "post_title": "Montreuil",
    "post_name": "montreuil-2",
    "googlemap_link": "",
    "doclib_link": "https:\/\/www.doctolib.fr\/centre-laser-et-esthetique\/montreuil\/centre-laser-maelis-montreuil-montreuil",
    "name": "Montreuil",
    "phone": "01 53 56 49 10",
    "email": "montreuil@maelis-centrelaser.com",
    "address": " 5 boulevard Rouget de Lisle, 93100, Montreuil ",
    "zipcode": "93100",
    "transport": "M\u00e9tro - Mairie de Montreuil (ligne 9)\r\nBus - Mairie De Montreuil - Rouget De Lisle (ligne 115)\r\nBus - Mairie De Montreuill (ligne 121)\r\nM\u00e9tro - Mairie de Montreuil (ligne 9)\r\nBus - Mairie De Montreuil - Rouget De Lisle (ligne 115)\r\nBus - Mairie De Montreuill (ligne 121) ",
    "opening_hours": "Du Mardi au Vendredi : 10:00 - 20:00\r\nSamedi : 10h00 - 18h00\r\nFerm\u00e9 les dimanches et lundi ",
    "description": ""
  },
  {
    "post_title": "La Garenne-Colombes",
    "post_name": "la-garenne-colombes",
    "googlemap_link": "https:\/\/goo.gl\/maps\/vBHXRTq9q4KUytPz9",
    "doclib_link": "https:\/\/www.doctolib.fr\/centre-laser-et-esthetique\/la-garenne-colombes\/centre-laser-maelis-la-garenne-colombes",
    "name": "La Garenne-Colombes",
    "phone": "01 80 88 27 65",
    "email": "garenne.c@maelis-centrelaser.com",
    "address": "23 bis Rue Pasteur, 92250, La Garenne-Colombes ",
    "zipcode": "",
    "transport": "Tramway - Charlebourg (ligne T2)\r\nRER - Gare de la Garenne (ligne L)\r\nBus - Nordmann (lignes 262 et 73)",
    "opening_hours": "Du Mardi au Vendredi : 10:00 - 20:00\r\nSamedi : 10h00 - 18h00\r\nFerm\u00e9 les dimanches et lundi ",
    "description": ""
  },
  {
    "post_title": "Ivry-Sur-Seine",
    "post_name": "ivry-sur-seine",
    "googlemap_link": "https:\/\/goo.gl\/maps\/TKTuHVQhW2MsVLVy9",
    "doclib_link": "https:\/\/www.doctolib.fr\/centre-laser-et-esthetique\/ivry-sur-seine\/centre-laser-maelis-ivry-sur-seine",
    "name": " Ivry-Sur-Seine",
    "phone": "01 41 65 39 04",
    "email": "ivry@maelis-centrelaser.com",
    "address": "15 Place du G\u00e9n\u00e9ral de Gaulle, 94200, Ivry-sur-Seine ",
    "zipcode": "94200",
    "transport": "M\u00e9tro - Pierre et Marie Curie (ligne 7)\r\nBus - Cimetiere Parisien - Place Du General De Gaulle (ligne 183)",
    "opening_hours": "Du Mardi au Vendredi : 10:00 - 20:00\r\nSamedi : 10h00 - 18h00\r\nFerm\u00e9 les dimanches et lundi ",
    "description": ""
  },
  {
    "post_title": "Le Perreux Sur Marne",
    "post_name": "le-perreux-sur-marne",
    "googlemap_link": "",
    "doclib_link": "",
    "name": "Le Perreux Sur Marne",
    "phone": "01 80 91 97 07",
    "email": "perreux@maelis-centrelaser.com",
    "address": "187 Av. Pierre Brossolette, 94170, Le Perreux-sur-Marne ",
    "zipcode": "94170",
    "transport": "RER - Gare des Boullereaux Champigny (ligne E)\r\nRER - Les Boullereaux Champigny (ligne E)\r\nBus - Mail Meyer (ligne 120) ",
    "opening_hours": "Du Mardi au Vendredi : 10:00 - 20:00\r\nSamedi : 10h00 - 18h00\r\nFerm\u00e9 les dimanches et lundi ",
    "description": ""
  },
  {
    "post_title": "Montreuil",
    "post_name": "montreuil",
    "googlemap_link": "https:\/\/goo.gl\/maps\/yCnJXkBZRtSZJMBS6",
    "doclib_link": "https:\/\/www.doctolib.fr\/centre-laser-et-esthetique\/montreuil\/centre-laser-maelis-montreuil-montreuil",
    "name": " Montreuil",
    "phone": "01 53 56 49 10",
    "email": "montreuil@maelis-centrelaser.com",
    "address": "5 boulevard Rouget de Lisle, 93100, Montreuil ",
    "zipcode": "93100",
    "transport": "M\u00e9tro - Mairie de Montreuil (ligne 9)\r\nBus - Mairie De Montreuil - Rouget De Lisle (ligne 115)\r\nBus - Mairie De Montreuill (ligne 121)\r\nM\u00e9tro - Mairie de Montreuil (ligne 9)\r\nBus - Mairie De Montreuil - Rouget De Lisle (ligne 115)\r\nBus - Mairie De Montreuill (ligne 121) ",
    "opening_hours": "Du Mardi au Vendredi : 10:00 - 20:00\r\nSamedi : 10h00 - 18h00\r\nFerm\u00e9 les dimanches et lundi\r\n",
    "description": ""
  },
  {
    "post_title": "Puteaux",
    "post_name": "Puteaux",
    "googlemap_link": "https:\/\/goo.gl\/maps\/9vKji2hNCjLWWsHh6",
    "doclib_link": "https:\/\/www.doctolib.fr\/centre-laser-et-esthetique\/puteaux\/centre-laser-maelis-puteaux",
    "name": "Puteaux",
    "phone": "01 80 88 20 45",
    "email": "puteaux@maelis-centrelaser.com",
    "address": "28B Rue Godefroy, 92800, Puteaux (La Defense) ",
    "zipcode": "92800",
    "transport": "Tramway - Puteaux (ligne T2)\r\nRER - La D\u00e9fense (Grande Arche) (ligne A)\r\nBus - Roque De Fillol (ligne 541) ",
    "opening_hours": "Du Lundi au Vendredi : 10:00 - 20:00\r\nSamedi : 10h00 - 18h00\r\nFerm\u00e9 les dimanches",
    "description": ""
  }
]
