[{"name":"Asni\u00e8res-sur-Seine","slug":"asnieres-sur-seine"},{"name":"Aulnay-sous-Bois","slug":"aulnay-sous-bois"},{"name":"Bagnolet","slug":"bagnolet"},{"name":"Bourg-la-Reine","slug":"bourg-la-reine"},{"name":"Chelles","slug":"chelles"},{"name":"Clamart","slug":"clamart"},{"name":"Fontenay-sous-Bois","slug":"fontenay-sous-bois"},{"name":"Ivry-Sur-Seine","slug":"ivry-sur-seine"},{"name":"La Garenne-Colombes","slug":"la-garenne-colombes"},{"name":"Le Blanc Mesnil","slug":"le-blanc-mesnil"},{"name":"Le Perreux Sur Marne","slug":"le-perreux-sur-marne"},{"name":"Le Raincy","slug":"le-raincy"},{"name":"Maisons-Alfort","slug":"maisons-alfort"},{"name":"Montreuil","slug":"montreuil"},{"name":"Montrouge","slug":"montrouge"},{"name":"Puteaux","slug":"puteaux"},{"name":"Saint-Maur-des-Foss\u00e9s","slug":"saint-maur-des-fosses"},{"name":"Thiais","slug":"thiais"},{"name":"Tremblay-en-France","slug":"tremblay-en-france"},{"name":"Vitry-sur-Seine","slug":"vitry-sur-seine"}]